director_id,director_name
1404,James Cameron
2106,Gore Verbinski
2318,Sam Mendes
300,Christopher Nolan
764,Doug Walker
1988,Andrew Stanton
554,Nathan Greno
902,Joss Whedon
25,David Yates
671,Zack Snyder
1525,Bryan Singer
503,Marc Forster
2109,Andrew Adamson
29,Rob Marshall
1791,Barry Sonnenfeld
2260,Peter Jackson
993,Marc Webb
254,Ridley Scott
381,Chris Weitz
1465,Anthony Russo
1966,Peter Berg
1144,Colin Trevorrow
1531,Sam Raimi
858,Shane Black
594,Brett Ratner
361,Dan Scanlon
1964,Michael Bay
1000,John Lasseter
2336,Martin Campbell
142,Lee Unkrich
2271,McG
26,James Wan
1294,J.J. Abrams
1104,Mike Newell
196,Guillermo del Toro
177,Steven Spielberg
2228,Peter Sohn
2304,Mark Andrews
317,Justin Lin
151,Roland Emmerich
1042,Robert Zemeckis
2375,Lana Wachowski
1490,Pete Docter
1504,Rob Letterman
2395,Jon Favreau
1703,Martin Scorsese
1082,Rob Cohen
2080,David Ayer
1376,Tom Shadyac
1372,Doug Liman
1002,Kevin Reynolds
367,Stephen Sommers
224,Rupert Sanders
2041,Robert Stromberg
2218,Matt Reeves
1566,Carl Rinsch
122,Mike Mitchell
377,Brad Bird
345,Don Hall
1549,Rich Moore
76,Dean DeBlois
978,Jonathan Mostow
1916,James Gunn
1169,David Fincher
1763,Matthew Vaughn
1463,Francis Lawrence
2183,Jon Turteltaub
956,Wolfgang Petersen
1813,James Bobin
1600,Chris Miller
1581,Duncan Jones
202,Alan Taylor
133,Michael Apted
1019,Oliver Stone
380,Tim Burton
1109,Eric Darnell
1869,Shawn Levy
1237,Gavin Hood
2181,Chris Buck
1207,George Miller
1377,Ron Howard
1882,Kenneth Branagh
746,Byron Howard
1688,Hoyt Yeatman
1968,Jonathan Liebesman
1338,Christopher McQuarrie
1954,Joe Johnston
2095,Steve Hickner
88,Jennifer Yuh Nelson
329,M. Night Shyamalan
2060,Simon Wells
1635,David Bowers
295,Rob Minkoff
915,Lee Tamahori
1833,Alessandro Carloni
842,Peter Ramsey
2399,Dean Parisot
1939,Edward Zwick
1187,Alex Proyas
1138,Richard Donner
1442,Ang Lee
1585,Jon M. Chu
2377,Breck Eisner
878,Hironobu Sakaguchi
227,Peter Weir
2272,Louis Leterrier
1058,Alejandro G. Iñárritu
2151,David Soren
1795,Paul Greengrass
2238,Mark Osborne
914,Peyton Reed
637,Bill Condon
1428,Phillip Noyce
755,Darren Aronofsky
1615,Alfonso Cuarón
43,Baz Luhrmann
1817,Eric Leighton
2086,Matt Birch
1665,Tom McGrath
605,Chris Columbus
2058,Robert Schwentke
971,Hideaki Anno
248,Carlos Saldanha
995,Guy Ritchie
1119,John McTiernan
2075,Tony Gilroy
403,Joel Schumacher
1419,John Woo
401,Tim Story
1227,Mark Steven Johnson
2013,Neill Blomkamp
1598,David Twohy
987,James L. Brooks
1831,James Mangold
1684,Joseph Kosinski
17,George Lucas
455,Kirk De Micco
1513,Frédéric Forestier
2122,Cedric Nicolas-Troyan
1113,Roger Donaldson
2292,Dave Green
864,Brad Peyton
447,Roger Spottiswoode
425,Steven Soderbergh
2046,Michel Gondry
567,Noam Murro
2164,Raja Gosnell
1609,Will Finn
1491,Jan de Bont
260,Len Wiseman
785,Michael Mann
1597,Bo Welch
1702,Ron Clements
1252,Christopher Barnard
716,Peter Chelsom
1578,Dominic Sena
2265,Tony Scott
364,Paul Weitz
2012,Adam McKay
156,Chuck Russell
255,Quentin Tarantino
845,Gary Trousdale
1108,Mark Dindal
2091,Simon West
852,Stefen Fangmeier
2123,Spike Jonze
1069,Chris Wedge
2256,Peter Hyams
453,Paul Verhoeven
1107,Tom Tykwer
2140,Pitof
2233,Brad Silberling
2266,Patrick Hughes
1653,Lawrence Guterman
589,Ron Underwood
1256,Steve Martino
1596,David Mamet
875,Yimou Zhang
901,Ash Brannon
2047,Frank Oz
1040,Jay Roach
1907,Luc Besson
201,Michael Patrick King
1685,Bibo Bergeron
103,Sergey Bodrov
1159,Wally Pfister
2258,Rupert Wyatt
52,Mark Waters
172,John Moore
2373,Renny Harlin
143,Phil Lord
2354,Ben Stiller
1949,Tony Bancroft
2152,Walt Becker
2018,Dennis Dugan
1547,Sydney Pollack
284,Thor Freudenthal
1713,Brian De Palma
714,Mick Jackson
835,Alan J. Pakula
2349,Kathryn Bigelow
1081,Josh Trank
1472,Andrey Konchalovskiy
112,Gary Ross
223,Paul W.S. Anderson
1780,Genndy Tartakovsky
1090,Kevin Lima
916,Daniel Espinosa
809,Nancy Meyers
298,Roger Allers
1683,Neil Burger
933,Jean-Jacques Annaud
782,Sarah Smith
1892,Martin Brest
14,Andrew Davis
1541,Bob Fosse
451,Tarsem Singh
994,Edgar Wright
1160,Jon Amiel
1446,Peter Segal
208,Frank Coraci
1912,Sylvester Stallone
883,Todd Phillips
4,Tim Johnson
1297,Gary Winick
465,Mimi Leder
2171,Seth Gordon
1570,Adam Shankman
97,D.J. Caruso
731,Anthony Minghella
1433,Albert Hughes
64,Les Mayfield
684,Joe Pytka
1812,Ivan Reitman
1856,Eric Brevig
105,Kelly Asbury
106,Stephen Hopkins
1303,Jonathan Demme
524,Henry Jaglom
272,James Algar
1266,Vincent Ward
1405,Steven Brill
781,Terry Gilliam
1242,Lucile Hadzihalilovic
441,Barry Cook
923,Roger Christian
510,Joe Dante
328,Kevin Costner
1826,Antony Hoffman
1449,Jacques Perrin
2053,Andrés Couturier
827,Cody Cameron
866,John Singleton
1776,Oliver Hirschbiegel
1226,Des McAnuff
1004,Yarrow Cheney
633,Stephen Norrington
1638,Pierre Coffin
1172,Timur Bekmambetov
1811,David Kellogg
921,Mike Nichols
1634,F. Gary Gray
59,Antoine Fuqua
1825,Robert Luketic
337,Gil Kenan
507,Barry Levinson
1799,Jerry Zucker
2201,Andy Tennant
56,Florent-Emilio Siri
1573,Don Bluth
945,Ron Shelton
2381,David Pastor
779,Henry Selick
299,Kyle Balda
1186,Clay Kaytis
811,Judd Apatow
2335,Steve Carr
2005,Mel Gibson
281,David Silverman
1003,Frank Darabont
1544,Betty Thomas
629,Garry Marshall
2269,Paul Tibbitt
925,Clark Johnson
1503,Cameron Crowe
572,Randall Wallace
420,Jonathan Frakes
221,George Clooney
1978,Gary Shore
229,Andrzej Bartkowiak
1695,Måns Mårlind
138,Gregory Hoblit
844,Gary McKendry
2263,Wych Kaosayananda
992,Mikael Salomon
1005,Bobby Farrelly
2017,Kerry Conran
1810,Michael Caton-Jones
738,Mikael Håfström
1626,Phil Alden Robinson
180,David Slade
523,Joseph Ruben
1744,Seth MacFarlane
1946,Alejandro Amenábar
2009,Kinka Usher
2297,Craig Gillespie
331,Rob Bowman
2353,Doug Lefler
195,Scott Waugh
1273,Lawrence Kasdan
1909,Michael Lembeck
1212,Tom Hooper
1052,Nora Ephron
1244,Clint Eastwood
2145,Larry Charles
2068,Stanley Kubrick
1065,Will Gluck
1777,Glenn Ficarra
1313,David S. Goyer
1630,John Milius
355,Taylor Hackford
1026,Michael Lehmann
1962,Stuart Beattie
2350,Roman Polanski
707,Frank Miller
867,Baltasar Kormákur
426,Daniel Lee
2054,Keenen Ivory Wayans
500,Rob Reiner
1035,Marco Schnabel
2230,Demian Lichtenstein
21,Josh Gordon
1012,Tim Hill
2277,David Frankel
1192,Brenda Chapman
2384,Marc Lawrence
404,Peter Billingsley
1936,Wes Ball
924,Ryan Murphy
168,Robert Redford
1940,Jay Russell
1719,Kenny Ortega
354,David McNally
846,Brian Robbins
187,Brian Levant
1031,Steven Zaillian
2394,Chris Butler
1841,Jon Avnet
486,Sam Fell
1238,Kevin Donovan
1532,Geoff Murphy
199,David O. Russell
1546,Babak Najafi
362,Jean-Pierre Jeunet
1664,Graham Annable
918,Griffin Dunne
1229,John Pasquin
178,Ruben Fleischer
1143,Harold Ramis
1809,Kevin Macdonald
1471,Donald Petrie
1083,Jorge Blanco
1216,Stuart Baird
270,Joel Coen
2324,Robert Lorenz
2208,Joe Wright
1932,Scott Stewart
1897,Patrick Gilmore
2040,Tony Bill
18,Rod Lurie
424,Walter Hill
543,Akiva Goldsman
2282,Harald Zwart
1655,Walter Salles
865,Iain Softley
1179,David Koepp
3,Uwe Boll
1612,Pou-Soi Cheang
1343,John Dahl
1217,Tim Miller
251,Stephen Herek
2347,Peter MacDonald
2328,Anthony Hemingway
1942,Sean Anders
159,Mark Neveldine
1867,John Madden
579,Kevin Bray
82,Mike Gabriel
1686,Sam Weisman
2124,Jesse Dylan
31,Wayne Wang
1318,Gabriele Muccino
619,Tom Dey
1164,Jimmy Hayward
54,Alan Parker
1305,John Frankenheimer
1850,Paul King
703,William Friedkin
1222,Kent Alterman
1951,Peter Lord
1267,Shekhar Kapur
2052,Karyn Kusama
783,Ron Maxwell
1937,Robert Butler
2057,Karey Kirkpatrick
1642,Steve Antin
1412,Jim Gillespie
2036,Francis Ford Coppola
871,Richard Lester
1830,Harold Becker
1246,Scott Cooper
2306,Robert Rodriguez
2191,Curtis Hanson
966,Phyllida Lloyd
1926,Jay Chandrasekhar
1112,Terrence Malick
979,David Dobkin
2119,Milos Forman
862,Pierre Morel
1509,Paul Hunter
1440,Steve Oedekerk
2165,John Whitesell
1326,George Nolfi
2224,Neil Jordan
1032,Rawson Marshall Thurber
847,Spike Lee
2185,Brian Helgeland
349,Frank Marshall
162,Hideo Nakata
1395,Peter Hewitt
2069,Joe Roth
631,Bennett Miller
1364,Jaume Collet-Serra
501,Andy Fickman
1530,James McTeigue
1700,Matthew O'Callaghan
1629,Angela Robinson
909,Gary Fleder
414,Tommy Wirkola
332,Adrian Lyne
2022,Jorge R. Gutiérrez
1834,Richard Loncraine
989,Christophe Gans
2312,Howard Deutch
2294,Jon Hurwitz
990,Steven Quale
338,John Landis
1646,Alexander Witt
1416,Beeban Kidron
1559,Carl Franklin
261,Steven Seagal
2039,Danny Boyle
2247,Andrew Bergman
1865,Peter Webber
1798,Andrew Niccol
422,John Carpenter
1352,Wes Anderson
49,David Cronenberg
48,John Stockwell
2338,David Gordon Green
1696,Jim Sheridan
1991,Costa-Gavras
1328,Patrick Read Johnson
874,Roland Joffé
1982,Richard LaGravenese
1133,Danny DeVito
1411,George Armitage
942,Patrick Lussier
2000,James Wong
1453,Richard Curtis
1754,Chuck Bowman
949,Olivier Megaton
665,Deepa Mehta
784,Warren Beatty
621,Penny Marshall
462,Andrei Tarkovsky
383,Paul Bolger
679,Stephen Frears
1767,P.J. Hogan
1064,Brad Furman
837,Terence Young
705,David Zucker
291,Denis Villeneuve
2378,Thomas Carter
1822,Roger Michell
841,Luis Llosa
1637,Melville Shavelson
1025,Garth Jennings
85,Joel Zwick
373,Russell Mulcahy
1743,David R. Ellis
833,Peter Howitt
1993,John A. Davis
1717,David Lynch
2250,Mathieu Kassovitz
2045,John Gray
1843,John Schultz
192,Sean Penn
1015,Susan Stroman
1008,Pete Travis
2006,Simon Wincer
1603,Billy Bob Thornton
2096,Danny Pang
1994,George P. Cosmatos
1295,Oliver Parker
1033,Lawrence Kasanoff
912,Ben Affleck
539,Brian Gibson
2315,Norman Ferguson
1496,Michael Cimino
1636,Gus Van Sant
1274,Roger Kumble
132,Burr Steers
1734,John Hamburg
136,Reginald Hudlin
1080,Paul Feig
2175,Joseph L. Mankiewicz
977,Barbra Streisand
242,Mark Pellington
2288,John Glen
900,Catherine Hardwicke
2167,John Herzfeld
73,Annabel Jankel
593,Julie Anne Robinson
668,Evan Goldberg
695,Sngmoo Lee
1899,Jamel Debbouze
913,Gordon Chan
1290,Asger Leth
863,Anne Fletcher
444,Bruce Beresford
1147,Sam Taylor-Johnson
628,Ken Kwapis
868,Wes Craven
548,Etan Cohen
70,Angelina Jolie Pitt
460,Nick Cassavetes
1881,Nicholas Stoller
985,Mark A.Z. Dippé
2180,Cal Brunker
2008,Nimród Antal
1046,Alejandro Agresti
1298,Peter Hedges
66,Paul Weiland
905,Colin Strause
104,Joan Chen
496,Greg Mottola
1006,Jake Kasdan
1659,Diane Keaton
1627,Kelly Makin
1970,Stephen Daldry
2235,Christian Duguay
1477,Justin Chadwick
353,Pat O'Connor
1431,Frederik Du Chau
645,Irwin Winkler
511,Joseph Kahn
280,Sofia Coppola
1047,Barbet Schroeder
1591,Stephen Kay
2231,J.A. Bayona
2,Elaine May
1536,Dennie Gordon
934,Charles Shyer
1747,Ulu Grosbard
1908,William Malone
662,Malcolm D. Lee
1759,Jerry Jameson
1610,Mic Rodgers
727,Christian Alvart
148,Jean-Marie Poiré
9,Marc F. Adler
712,Geoffrey Sax
2003,Richard Shepard
1358,Peter Ho-Sun Chan
525,Joon-ho Bong
477,Jeff Nathanson
1800,S.S. Rajamouli
1749,Charles S. Dutton
1289,Jonathan Lynn
1236,David Carson
213,Kar-Wai Wong
1401,Yuefeng Song
432,Norman Jewison
348,David Mirkin
1527,Luis Mandoki
1667,Jeb Stuart
1211,Steve Miner
1971,Paul Thomas Anderson
2070,David Leland
1554,J Blakeson
1264,Ryan Coogler
1369,Kirk Jones
2287,Ethan Coen
1558,Jennifer Flackett
555,Kevin Smith
238,Christian Ditter
1375,Charles Martin Smith
1933,Fedor Bondarchuk
2386,Irvin Kershner
1722,Steve Pink
2390,Scott Hicks
669,Chris Rock
83,Wilson Yip
433,John Lee Hancock
2259,Robert Wise
127,Kevin Rodney Sullivan
219,Kevin Munroe
1601,Michael Tollin
1001,Patrick Tatopoulos
700,Gary David Goldberg
749,Alan Poul
2313,Luke Greenfield
1396,Gil Junger
1515,Michael Ritchie
590,Steven E. de Souza
831,Alexandre Aja
1331,Michael Rymer
604,Hugh Wilson
1120,Mike Hodges
2319,Susanna White
1078,Chris Carter
2299,Tommy O'Haver
683,Peter Landesman
378,Gary Chapman
691,Craig Mazin
1271,Allen Hughes
2240,Kimble Rendall
2102,Peter Yates
2333,Lasse Hallström
2034,Jean-Marc Vallée
692,Hark Tsui
1870,Lexi Alexander
2085,Ronny Yu
259,Bille August
675,Moustapha Akkad
1542,Jean-Paul Rappeneau
1701,Joachim Rønning
1785,Tony Kaye
1268,Ken Scott
60,Hugh Johnson
626,Hayao Miyazaki
715,George Tillman Jr.
1726,Hugh Hudson
285,Jeremy Degruson
768,Chris Gorak
1247,Scott Speer
1957,Joe Charbanic
1548,Jonathan Hensleigh
1448,Danny Cannon
370,Boaz Yakin
1072,Richard Marquand
407,Neil Marshall
1981,David Wain
1084,Jared Hess
100,Rupert Wainwright
2207,John Luessenhop
68,Justin Zackham
10,John Gatins
2037,Miguel Sapochnik
2166,Hyung-rae Shim
2382,Don Scardino
1925,Tim Robbins
2356,Tom Reeve
611,Nanette Burstein
1657,Ariel Vromen
578,Lewis Gilbert
191,John Francis Daley
1633,J.B. Rogers
2252,Michael Sucsy
74,Tom Vaughan
2213,Lee Daniels
660,Stephen Hillenburg
1967,Stig Bergqvist
1774,Jason Reitman
1136,Alexander Payne
2184,Jonathan Levine
1427,Rian Johnson
860,Chris Noonan
1540,Michael McCullers
1438,Forest Whitaker
2199,Woody Allen
2048,Peter Lepeniotis
1141,Ted Demme
636,William Shatner
1974,Steve Box
1243,James Gartner
87,Lee Toland Krieger
586,Tim McCanlies
1429,Drew Goddard
333,Jason Friedberg
415,Paul Michael Glaser
973,John R. Leonetti
2203,Tom Hanks
2301,Liz Friedlander
802,Phil Joanou
1333,Shane Acker
1576,Martha Coolidge
854,Stephen J. Anderson
1441,Troy Miller
2177,Tate Taylor
625,Brett Leonard
1675,Scott Derrickson
2192,Alister Grierson
1287,Nick Hurran
89,Charles Stone III
1692,Paul Haggis
2344,Kurt Wimmer
1178,Jean-François Richet
885,Kevin Hooks
1497,Ellory Elkayem
341,Niki Caro
2082,Vincenzo Natali
358,Willard Huyck
1075,Gavin O'Connor
1196,Bruce Hunt
879,Chris Roberts
2376,Jee-woon Kim
1467,Nick Hamm
1202,Mike Disa
1969,Richard J. Lewis
728,Sergio Leone
1163,Niels Arden Oplev
1474,Michael Radford
969,Steve Boyum
929,Kaige Chen
1900,Corey Yuen
855,Andrew Dominik
323,Li Zhang
601,Laurent Tirard
843,Reinhard Klooss
211,Frédéric Auburtin
733,Olivier Dahan
493,Maksim Fadeev
1815,Liliana Cavani
315,Greg Tiernan
161,Elizabeth Banks
2004,Edward Norton
1593,Ben Falcone
96,Richard Attenborough
1979,Don Mancini
2302,John Maybury
2383,Igor Kovalyov
796,Shinji Aramaki
46,Miguel Arteta
2379,James Gray
400,Janusz Kaminski
1091,Robert B. Weide
15,Jeff Wadlow
2305,Agustín Díaz Yanes
2182,Camille Delamarre
1555,David Lean
194,Richard Eyre
1383,Nicholas Meyer
1784,Callie Khouri
351,Sanaa Hamri
1879,Todd Graff
1348,Philip Kaufman
959,Saul Dibb
1778,Walter Murch
917,Richard Linklater
1291,E. Elias Merhige
2249,Menno Meyjes
1199,Jodie Foster
607,Scott Frank
2267,Kevin Allen
113,Michael Cristofer
402,Andrew Morahan
670,Bob Rafelson
1111,Michael Cohn
235,Alan Shapiro
2020,Fernando Meirelles
1068,Michael Hoffman
436,Oleg Stepchenko
2193,Michael Winterbottom
1077,Michael Pressman
40,Sharon Maguire
1790,Charles Herman-Wurmfeld
721,Gabor Csupo
1614,Tyler Perry
760,Joe Carnahan
1059,John Polson
983,Bernardo Bertolucci
1617,Cathy Malkasian
1390,John Eng
1680,Chris Nahon
722,Fred Wolf
288,Bille Woodruff
41,Victor Salva
1365,Mark Helfrich
193,Steve Bendelack
220,Dwight H. Little
2101,Guillaume Canet
409,Kirsten Sheridan
78,Richard Fleischer
1779,Bob Spiers
464,Damien Dante Wayans
1755,John Wells
824,Tim Fywell
343,Nigel Cole
2279,Jeremy Leven
1197,Sylvain White
1389,Troy Nixey
2337,Philip G. Atwell
778,Jeff Schaffer
1832,Don Michael Paul
1437,James Bridges
1308,Steve Barron
522,Bill Paxton
622,Richard Kelly
1330,Carter Smith
1952,John Schlesinger
335,Ringo Lam
2205,Akiva Schaffer
34,Tobe Hooper
947,Patricia Riggen
1535,Pascal Chaumeil
1414,Kimberly Peirce
231,Stephen Gaghan
458,Jonathan Kaplan
2369,Richard Benjamin
2146,Craig R. Baxley
696,John Hillcoat
1606,John Guillermin
606,Marcos Siega
1175,Rachel Talalay
1852,Jeffrey W. Byrd
357,Atom Egoyan
1454,Robert Towne
2358,Giuseppe Tornatore
2087,Werner Herzog
832,Ben Stassen
1745,Jérôme Deschamps
1783,Inna Evlannikova
1693,Jonathan English
514,Sergey Bondarchuk
1116,Teddy Chan
1209,Mario Van Peebles
585,Leonard Nimoy
2136,Ericson Core
998,Bonnie Hunt
672,Neil LaBute
1355,Grant Heslov
1928,George Gallo
2137,Sidney Lumet
228,Douglas McGrath
1866,Kevin Spacey
485,Richard Williams
1752,Mary McGuckian
907,Tony Goldwyn
1115,Dexter Fletcher
763,Jonathan Newman
257,Andy Cadiff
42,Michael Dinner
1060,Joseph Sargent
2374,Jerry Zaks
1901,Fred Durst
2072,Anne Fontaine
1845,Mira Nair
1678,Mel Brooks
1281,Russell Crowe
652,Jessie Nelson
7,Christopher Spencer
1483,Mike Bigelow
821,Paul McGuigan
411,Daniel Sackheim
2343,Harry Elfont
967,Uli Edel
834,Fred Dekker
1902,Brian Trenchard-Smith
1183,Blake Edwards
1697,Laurence Dunmore
1893,Christian Carion
1545,David Palmer
932,Rowan Joffe
1426,John Curran
1649,Juan José Campanella
2286,Trey Parker
1054,Stuart Gillard
666,Katt Shea
1055,Joshua Michael Stern
685,Tomas Alfredson
1315,John Duigan
494,Colin Higgins
63,Jim Sonzero
1950,Penelope Spheeris
873,Jeff Tremaine
1930,Jeannot Szwarc
2241,Steve McQueen
789,Thea Sharrock
577,Aaron Seltzer
1043,Robin Budd
1844,Ava DuVernay
149,Steve Trenbirth
1739,Mennan Yapo
950,Jun Falkenstein
470,Tom McCarthy
55,Takashi Shimizu
2067,Gary Nelson
371,Anton Corbijn
649,Gregory Nava
1029,John Patrick Shanley
1620,Joshua Logan
252,Steve Beck
182,Todd Strauss-Schulson
638,John McNaughton
429,Nelson McCormick
643,Eric Valette
817,Andrew Fleming
887,Michael Spierig
1885,Jim Field Smith
1261,Thomas Bezucha
697,William Brent Bell
1556,Anthony Bell
1718,Jessica Bendinger
1469,Henry Joost
1648,Ed Harris
1480,Alfred Hitchcock
2367,Shana Feste
1311,Steve Rash
1758,Mike Binder
155,Michael J. Bassett
385,Frank Nissen
538,Stephen Chow
1152,Peter Hastings
2025,Paul Abascal
416,Chris Koch
818,Amy Heckerling
757,Michael Moore
1336,George Stevens
1557,Billy Ray
1840,Mark Mylod
1122,James Mather
134,Michael O. Sajbel
1170,Charles T. Kanganis
1539,Damon Santostefano
1011,Bob Clark
1851,Dave Borthwick
1913,Benson Lee
1543,Glen Morgan
1704,Mike Leigh
1307,Alejandro Monteverde
200,Jonathan Glazer
1965,J.C. Chandor
851,Paul Gross
1314,Marc Abraham
2244,Todd Haynes
1660,Mabrouk El Mechri
108,Charlie Kaufman
2074,Nancy Walker
1560,Angelo Pizzo
2099,Matthew Diamond
1195,Katsuhiro Ôtomo
163,David Anspaugh
792,Andrew Jarecki
2215,Daniel Algrant
1194,Julie Taymor
398,Jane Clark
1208,Mike Barker
1989,Wayne Thornley
1753,Gnana Rajasekaran
2108,Tom Walsh
1816,Jonathan Jakubowicz
384,Scott Walker
686,Mark Rosman
1669,Rob Hawk
2159,Britt Allcroft
1823,Alan Yuen
1662,Brian Percival
819,Anand Tucker
1230,Anthony Mann
58,Michael Dowse
615,Daniel Barnz
146,Emile Ardolino
718,Robert Altman
1715,James Schamus
1030,Andrew Douglas
1093,George A. Romero
1658,Ricky Gervais
33,Terry Zwigoff
2083,Audrey Wells
391,Rick Friedberg
1106,Sean McNamara
927,Jody Hill
2225,Brandon Camp
101,Kevin Tancharoen
169,Nicholas Hytner
289,Bart Freundlich
1677,William A. Fraker
698,John Boorman
603,Courtney Solomon
1588,Jeff Kanew
277,István Szabó
1729,Matthew Robbins
1931,Hal Needham
342,Jeff Nichols
45,Jonathan Teplitzky
1388,Michael Haneke
876,Zack Ward
125,Mike Marvin
725,Gregor Jordan
954,Tran Anh Hung
37,Lance Hool
1102,Christian Volckman
1553,Jon Cassar
1859,Rodrigo Cortés
2150,David Hayter
1254,Cory Edwards
2236,Terry George
2118,Xavier Gens
2204,Kasi Lemmons
659,Brian A Miller
165,Matt Dillon
175,George Cukor
1155,John Hoffman
999,Kevin Greutert
1487,John Fortenberry
1341,Erik White
241,Chris Robinson
533,Jason Moore
2059,Robert Harmon
540,Trent Cooper
754,Gary Halvorson
1995,Nicholas Ray
2128,Fede Alvarez
2320,Sidney J. Furie
123,Ian Iqbal Rashid
2178,Wayne Kramer
2044,Rowdy Herrington
2341,Jim Goddard
1248,Noel Marshall
475,Andrea Di Stefano
583,Guillaume Ivernel
2010,Jack Smight
319,Todd Lincoln
627,Howard Zieff
62,Steven Shainberg
2303,Julian Jarrold
1345,Joe Nussbaum
495,Vadim Perelman
1958,Peter Farrelly
1712,Michel Hazanavicius
551,Cyrus Nowrasteh
1906,Perry Andelin Blake
480,Christian E. Christiansen
147,Sheldon Lettich
1835,Diane English
1181,Peter Flinth
278,Jon Lucas
1762,Robert Iscove
1284,Peter Kosminsky
203,Nick Gomez
903,Vic Armstrong
1847,Allen Coulter
1038,Clare Kilner
2098,Josef Rusnak
996,Lance Rivera
2200,Ronald Neame
1644,Bruce Paltrow
482,Adam Rifkin
1765,Susanne Bier
859,Kenneth Johnson
1275,James Ivory
735,Jessy Terrero
650,Dany Boon
265,Vicente Amorim
2117,Gaspar Noé
562,Jérôme Salle
2216,Tommy Lee Jones
634,Jesse Vaughan
114,William Bindley
2139,Wayne Beach
972,Gérard Krawczyk
1829,Udayan Prasad
1508,JK Youn
1443,Morten Tyldum
339,Andrés Muschietti
2135,Gillian Armstrong
711,James Watkins
2220,Jim Fall
1888,Michael Dougherty
2339,Joel Gallen
1741,James Marsh
1394,Matt Williams
639,Rick Rosenthal
1149,Denzel Washington
2295,Nicolas Winding Refn
2210,Sara Sugarman
1050,Juan Carlos Fresnadillo
2296,Gina Prince-Bythewood
2015,Phil Traill
804,Joe Berlinger
471,Elizabeth Allen Rosenbaum
2147,Michael Mayer
1278,Martin Weisz
1240,John Ottman
484,John Bonito
812,Peter Atencio
1473,David Nutter
1099,Derek Cianfrance
939,Stephan Elliott
563,Mark L. Lester
1507,Tom Green
234,Mike Nawrocki
2332,Catherine Owens
1020,Douglas Aarniokoski
1735,Bryan Barber
1201,Lone Scherfig
1089,Drew Barrymore
379,Brian Koppelman
661,James Foley
110,Albert Brooks
2327,Steve Gomer
2300,RZA
1562,Mark Piznarski
1705,Craig Brewer
1505,David Raynr
171,Mort Nathan
1827,Wil Shriner
2289,Martin McDonagh
1397,Tina Gordon Chism
889,Peter Cattaneo
516,Vicky Jenson
1583,Mary Lambert
1036,Peter Kassovitz
1425,Rodman Flender
1494,Katja von Garnier
1235,Mark Romanek
986,Brad Anderson
1631,Michael Chapman
2211,Antonio Banderas
1947,Khalil Sullins
418,Fritz Lang
1110,Hsiao-Hsien Hou
1378,Andrey Zvyagintsev
2134,Tony Jaa
1070,Ryûhei Kitamura
513,Darrell Roodt
1814,Dito Montiel
388,Stefan Ruzowitzky
1506,Jake Paltrow
2246,Juraj Jakubisko
1312,Anthony Silverston
688,Gabe Ibáñez
770,Gerry Lively
803,Daniele Luchetti
360,Tung-Shing Yee
681,Julien Temple
1731,Gregory Jacobs
2011,Gilles Paquet-Brenner
838,Peter Cousens
249,Lars von Trier
708,John Blanchard
614,John Cornell
1887,Vidhu Vinod Chopra
1418,Ole Bornedal
423,Ted Kotcheff
2127,Jamie Blanks
1161,Randal Kleiser
2254,Bruce McCulloch
2026,Rick Famuyiwa
974,Alan Cohn
2105,Franco Zeffirelli
797,Tom Holland
968,James Isaac
1691,Emilio Estevez
292,Josh Schwartz
318,Julian Schnabel
2284,Todd Field
72,Davis Guggenheim
2154,Stephen Carpenter
1319,James Fargo
160,Alain Resnais
988,Chao-Bin Su
930,Kenneth Lonergan
1350,Bo Zenga
145,José Padilha
1661,Danny Leiner
904,Christopher Cain
244,Theodore Melfi
602,Ed Decter
2019,Gene Quintano
2131,Eric Bress
5,Preston A. Whitmore II
247,Kirk Wong
2281,Bronwen Hughes
1085,John Lafia
2186,Sam Miller
1876,Alex Garland
2209,Mark Brown
1569,Michael Polish
69,Daisy von Scherler Mayer
1853,Lenny Abrahamson
848,Bob Saget
2029,John Waters
2157,Craig Bolotin
512,Mark Christopher
504,Blair Hayes
1868,Jez Butterworth
1206,Olivier Assayas
1998,Patrice Leconte
153,Paul Mazursky
1214,Stephen Chbosky
35,Jon Hess
640,Joe Cornish
908,John H. Lee
759,John Stainton
958,Benedek Fliegauf
1846,Stewart Hendler
1457,John Cromwell
663,Mark Herman
2132,Abel Ferrara
2033,Ethan Maniquis
1511,George Hickenlooper
1568,Je-kyu Kang
2023,William Dear
1621,Stéphane Aubier
1276,John Badham
446,Mike McCoy
1320,Mike Judge
2214,Nima Nourizadeh
1786,Franklin J. Schaffner
1309,John Erick Dowdle
205,David Moreau
443,Christopher Erskin
805,Brian Henson
1121,Dan Cutforth
935,Josh Boone
1903,Jake Schreier
1486,Cheryl Dunye
1945,Ernest R. Dickerson
2064,Lionel C. Martin
1337,Wallace Wolodarsky
1875,Nicholas Jarecki
1769,Dean Israelite
1687,Darnell Martin
667,Scott Alexander
365,Stuart Gordon
2111,Christopher Guest
1370,Jane Campion
1422,Fred Schepisi
2002,Antonia Bird
1766,Jon Poll
1027,Paolo Sorrentino
642,Peter Care
519,Chan-wook Park
963,Ira Sachs
2027,Carroll Ballard
1590,Takeshi Kitano
1402,Marco Kreuzpaintner
2169,Lajos Koltai
2162,Alan Rudolph
1476,Chuan Lu
1670,Lijun Sun
893,Takashi Yamazaki
2223,Christopher Smith
141,Timothy Hines
766,David Winters
212,Akira Kurosawa
2273,Jamie Thraves
1803,Mabel Cheung
2076,Dan Mazer
630,R.J. Cutler
2170,David S. Ward
2365,Rob Pritts
1021,John Crowley
747,Brendan Malloy
2396,Dustin Hoffman
2172,Gregory Poirier
1934,Simon Curtis
1914,Dewey Nicks
680,Philip Saville
2077,William A. Graham
991,Martin Ritt
1561,John Turturro
1524,Agnieszka Holland
303,David Hackl
1764,Giuliano Montaldo
216,Lisa Azuelos
2148,Ray Lawrence
795,Karan Johar
188,Ruairi Robinson
1871,Jaume Balagueró
269,Jon Kasdan
1118,Léa Pool
702,Floyd Mutrux
2090,Sajid Khan
600,Dean Wright
2222,Eric Lartigau
2066,Shintaro Shimosawa
222,Darren Lynn Bousman
1772,James DeMonaco
2280,Ken Annakin
2163,Carol Reed
1362,Chuck Sheetz
268,Marcus Raboy
184,Leigh Whannell
1262,Michael Schultz
469,Peter Sollett
305,Bob Dolman
1361,Greg Coolidge
794,David Lowery
1128,Ciarán Foy
2103,Salim Akil
183,Olatunde Osunsanmi
428,Leon Ichaso
1495,Joseph Zito
2351,Patricia Rozema
1423,Rob Schmidt
1574,Robert Ben Garant
693,Morgan Spurlock
2389,Neal Brennan
2092,Tuck Tucker
1848,Theodore Witcher
2242,Jim Hanon
1498,Michael Patrick Jann
2229,Jorma Taccone
340,Florian Henckel von Donnersmarck
2176,Jeff Lowell
1409,Lorene Scafaria
179,Marcus Dunstan
1577,Timothy Björklund
1589,François Girard
1733,Scott Kalvert
775,Jason Bateman
2149,David Schwimmer
1863,Allan Arkush
369,Eric Bross
1855,Dan Fogelman
1694,Jay Duplass
953,Luca Guadagnino
2285,John Putch
2056,Peter Medak
1710,Terence Davies
2314,Harley Cokeliss
1773,Tom Brady
115,Jason Zada
287,Noah Baumbach
1073,Eric Blakeney
559,Rakesh Roshan
1673,Derrick Borte
2307,Richard Kwietniowski
12,Bob Odenkirk
1379,Joshua Seftel
2243,Vincent Gallo
2268,Claude Chabrol
1384,Jon Stewart
53,Bigas Luna
2342,Ralph Fiennes
1180,Dan Harris
2194,Mel Smith
1131,Bobcat Goldthwait
390,Jake Scott
2371,Alan Metter
765,Rafa Lara
237,Arthur Hiller
2322,Michael Meredith
1721,Julio DePietro
1444,Katherine Dieckmann
2174,Kim Farrant
2278,Scott Marshall
1130,Álex de la Iglesia
497,Andrew Traucki
2016,Michael Clancy
438,Robert Adetuyi
173,Kari Skogland
740,Taedong Park
457,Paul Schrader
648,Benedikt Erlingsson
2387,Gurinder Chadha
1676,Jason Connery
1,Vic Sarin
1679,Jim Issa
2323,William Phillips
1022,Andy Garcia
984,Sarik Andreasyan
181,Julian Gilbey
1447,Gary Sherman
1571,Valeri Milev
2360,Stanley Kramer
505,Pedro Almodóvar
890,Gerald Potterton
1167,Anurag Basu
483,Kriv Stenders
2293,Yash Chopra
1953,Floria Sigismondi
2316,Ferzan Ozpetek
1922,Kris Isacsson
1611,Ben Younger
2274,Daniel Taplitz
1218,Tamara Jenkins
204,Linda Mendoza
296,Hart Bochner
899,Stewart Raffill
1650,Hong-jin Na
2133,Chatrichalerm Yukol
459,Dario Argento
706,Eric Lavaine
856,Marc Forby
1239,Scott Mann
1301,Ole Christian Madsen
456,Meiert Avis
584,André Téchiné
1788,Emily Young
1492,Peter Faiman
243,Martyn Pick
1493,Roland Suso Richter
682,Jeremy Sims
592,Maïwenn
2049,Joby Harold
2088,Ekachai Uekrongtham
1804,Mark Rydell
1997,David E. Talbert
1502,Roger Vadim
32,Nils Gaup
1716,Ari Sandel
1332,Vondie Curtis-Hall
743,Tom Elkins
1162,Woo-Suk Kang
1714,Herbert Ross
613,John Sayles
352,Vipul Amrutlal Shah
1357,Ken Loach
1452,Ayan Mukerji
1049,John G. Avildsen
2031,Mervyn LeRoy
2275,Serdar Akar
1595,James Frawley
1690,Dan Gilroy
479,Jonathan Dayton
170,Chris Stokes
167,Don Siegel
38,Martin Lawrence
393,Masayuki Ochiai
1605,Tom Gormican
359,Ken Shapiro
2368,Justin Tipping
1861,Peter R. Hunt
1806,Doug Atchison
1526,Tamra Davis
1299,Jonas Elmer
1339,Mary Harron
1126,Erik Canuel
1066,Troy Duffy
1391,Nicole Holofcener
1623,Matty Rich
1466,Fina Torres
694,Duke Johnson
1894,François Ozon
2110,Anna Boden
1651,Steve James
334,Michael Winner
1286,Tomm Moore
2290,John Carney
1672,David Jacobson
488,Michael Corrente
1890,Edward Hall
166,Keith Gordon
84,Andrew Currie
437,Andrew Wilson
386,Marc Schölermann
442,Robert Moresco
962,Thomas Vinterberg
531,Claudia Llosa
2262,Charles Binamé
1092,Keith Parmer
472,Ol Parker
1048,James Nunn
1510,David Webb Peoples
120,Michael Winnick
2089,Stanley Tong
1481,David Oelhoffen
1283,Eli Roth
2032,Tony Richardson
610,Charles Robert Carner
489,Russell Holt
1584,Claude Miller
476,Sacha Bennett
872,Rodrigo García
267,Jeta Amata
2073,Siddharth Anand
553,Vincent Paronnaud
1594,Dennis Gansel
1413,Daniel Barber
1410,Robert Marcarelli
1340,Ernie Barbarash
2078,Guy Hamilton
2261,Adam Brooks
1551,Michael Anderson
1325,Don Kempf
1750,Matt Bettinelli-Olpin
654,Rob Zombie
2051,Sharron Miller
931,Aaron Schneider
1904,Tom Ford
2270,Tony Maylam
2179,Mitch Davis
906,Kevin Brodie
1225,Lynne Ramsay
1682,John Stephenson
1961,Tim Chambers
356,Dick Richards
2104,Bob Gosse
253,Alex Zamm
1746,Spencer Susser
427,Thaddeus O'Sullivan
2334,Shari Springer Berman
1392,Aleksey German
881,Stephen Milburn Anderson
1895,Richard E. Grant
61,David Lam
1071,Vladlen Barbe
560,Richard Rich
1168,Robert C. Cooper
767,Kim Nguyen
774,Jackie Earle Haley
550,Max Färberböck
1044,Arie Posin
537,Damian Nieman
1889,Mark Tonderai
450,Ian Fitzgibbon
1915,Rachel Perkins
1103,Luis Valdez
293,Alan Alda
2385,Louis Morneau
569,Caroline Link
599,Sterling Van Wagenen
397,Zal Batmanglij
717,Hans Petter Moland
93,Oren Moverman
1177,Ian Sharp
2326,Wolfgang Becker
2113,George Roy Hill
1489,Robert Stevenson
117,Jerome Robbins
1499,Gary Hardwick
1801,King Vidor
748,Fred Savage
1819,Sammo Kam-Bo Hung
1641,Rusty Cundieff
467,Dominique Othenin-Girard
1836,Jean-Jacques Mantello
408,Risa Bramon Garcia
2234,Brian Klugman
1323,Matt Piedmont
656,Raymond De Felitta
1707,John Michael McDonagh
1501,Deb Hagan
690,Zach Cregger
541,Zach Braff
756,Mark Tarlov
1171,John Cameron Mitchell
1324,Jon Knautz
382,David Atkins
1792,Patrick Stettner
1857,Sam Peckinpah
1193,Michael Crichton
1996,Sylvio Tabet
1342,Rick Bieber
135,Joey Lauren Adams
699,Fred Zinnemann
632,S.R. Bindler
1436,Greg Marcks
98,Perry Lang
1306,Jake Goldberger
587,William Kaufman
1768,Cédric Klapisch
618,Kate Barker-Froyland
107,Martin Koolhoven
926,Charles Matthau
387,Christopher M. Bessette
2155,Prachya Pinkaew
1188,Gary Sinyor
1430,Ashish R. Mohan
1643,Darren Grant
1095,Joseph Gordon-Levitt
327,William Sachs
882,Christophe Barratier
1053,Émile Gaudreault
1520,James Cox
363,James Toback
491,Aki Kaurismäki
1698,Hitoshi Matsumoto
2309,Rakeysh Omprakash Mehra
27,Collin Schiffli
1353,George Ratliff
1742,Shane Meadows
1723,Jon Wright
1529,Michael McGowan
2196,Liv Ullmann
800,Rohan Sippy
2198,Dan Trachtenberg
1420,David F. Sandberg
1478,Stiles White
1632,Joel Edgerton
556,Eugenio Derbez
230,Henry Koster
526,Patty Jenkins
790,Christopher Landon
1929,David Gelb
2345,Mike Flanagan
1460,Nat Faxon
2291,George Jackson
1874,Maurice Joyce
1272,Robert Duvall
256,Frank Perry
1354,Jesse Peretz
736,Ice Cube
245,Tim Blake Nelson
121,Richard Glatzer
1462,Michael Curtiz
1096,Bruce Malmuth
891,Rob Hedden
776,Harmony Korine
1482,Joe Chappelle
651,Mickey Liddell
1528,Fred Walton
246,Steve Carver
1736,Gonzalo López-Gallego
1087,Christine Jeffs
910,Don Coscarelli
2393,Michael Tiddes
1285,Bill Duke
1150,Frank Borzage
1139,Mamoru Hosoda
2359,Brian Dannelly
197,Denys Arcand
961,J.S. Cardone
517,Jay Levey
1911,Nicholaus Goossen
2197,Ronan Chapalain
1137,Xavier Beauvois
1984,Randall Miller
2079,Jerry Belson
1270,Dan Rush
1067,Michael Cuesta
1094,Fenton Bailey
880,Jeremy Saulnier
468,Billy Kent
566,James Manera
1459,Feroz Abbas Khan
536,Errol Morris
2093,Dennis Hopper
801,Eli Craig
773,Nicholas Fackler
1732,Richard Wallace
419,Morgan J. Freeman
2388,Matthew Hastings
279,Klaus Menzel
1014,Oren Peli
1292,Paul Andrew Williams
2114,Jim Amatulli
1572,William H. Macy
139,Barrett Esposito
1105,Vicky Jewson
1711,Marc Bennett
304,Mike Mayhall
549,Stanton Barrett
542,Jirí Menzel
2130,Fatih Akin
815,Nick Murphy
2061,Frank LaLoggia
1563,Jeremy Brock
884,Scott Foley
1445,Christophe Ali
724,Gabriela Tagliavini
81,Shekar
723,Shona Auerbach
2001,Leonard Farlinger
2156,Michel Leclerc
1818,Analeine Cal y Mayor
1374,Tom Kalin
1034,Robert Sarkies
1458,John Huston
1255,Walter Lang
264,Carlos Saura
487,Andrew Erwin
320,Beto Gómez
806,Mike van Diem
435,Jonas Åkerlund
1807,Todd Solondz
1782,René Féret
1387,Barry Skolnick
1838,Johnnie To
1251,Mateo Gil
608,Lukas Moodysson
532,Agnieszka Wojtowicz-Vosloo
2363,Kabir Sadanand
374,Peter DeLuise
118,Raja Menon
951,Nick Love
897,R. Balki
976,Ivan Engler
1663,Cecil B. DeMille
207,Henry Hobson
1259,Mike Figgis
1062,Duane Journey
77,Dan O'Bannon
1288,Billy Wilder
1789,Lisa Cholodenko
1886,John Sturges
1231,William Arntz
1146,Ed Gass-Donnelly
1538,DJ Pooh
1884,James Melkonian
1173,Roger Avary
1608,Allison Anders
2144,Rick de Oliveira
2055,Jeff Franklin
1618,Mike Mills
870,Dave McKean
1344,Ron Fricke
1706,Ruggero Deodato
1837,Gavin Wiesen
898,Mora Stephens
2310,Mars Callahan
157,Leos Carax
2206,Stefan Schwartz
262,Robert Lee King
1097,Jorge Ramírez Suárez
217,Dan Ireland
1153,Fernando León de Aranoa
140,Jim Mickle
1088,Karim Aïnouz
290,Sam Levinson
1579,Aleksandr Veledinskiy
2362,Peter H. Hunt
1277,Ruba Nadda
394,Howard Hughes
490,Edward Burns
286,Sean Byrne
376,Mark Griffiths
664,Bruce Macdonald
130,Victor Fleming
823,Richard Raymond
1127,Alan Jacobs
2357,George Sidney
1987,Christopher Morris
1647,Andrucha Waddington
2142,Peter Stebbings
813,Vincente Minnelli
2239,Dagur Kári
57,Jim Abrahams
406,Kevin Carraway
2038,Michael Gornick
1537,Richard Brooks
726,Robert Eggers
1849,Michael Martin
1771,Gideon Raff
1552,Louis C.K.
1796,Anthony C. Ferrante
1125,Salvador Carrasco
580,André Øvredal
75,Robert Cary
828,Adam Rapp
975,Warren P. Sonoda
647,Amanda Gusack
2188,Avi Nesher
1896,Charles Adelman
1432,Jay Oliva
1858,Charles Ferguson
119,Mark Young
2255,Daniel Petrie Jr.
655,Antonio Simoncini
2392,Luc Jacquet
2062,Eldar Rapaport
2311,Clark Gregg
1205,Damien Chazelle
1037,Justin Kerrigan
23,Nathan Frankowski
1215,Karen Moncrieff
1455,Jennifer Finnigan
1820,Eric Styles
1668,Laurent Cantet
787,John Ford
709,Max Mayer
1140,Joshua Marston
1461,John Gulager
1335,Brandon Cronenberg
1302,Frank Capra
928,Tod Williams
463,Jack Sholder
1293,Ted Post
644,Kunihiko Yuyama
1917,Tom McLoughlin
678,Adam Marcus
44,John Maclean
1748,Benny Boom
2084,Howard Hawks
980,Nnegest Likké
2063,Christopher Leitch
2217,Patricia Cardoso
310,Damien O'Donnell
124,Peter M. Cohen
957,Mel Stuart
793,Anthony Hickox
582,Tom Schulman
1808,Jill Sprecher
1523,Darren Stein
1154,David Nixon
344,Jason Eisener
1407,Enrique Begne
1516,Matthew Bright
1304,Michael Landon Jr.
836,Andrea Arnold
50,Whit Stillman
2276,Leslye Headland
1728,Bobby Roth
1921,Tim Heidecker
677,Kate Connor
570,Deon Taylor
454,Jason Alexander
412,Conor McPherson
2125,Will Canon
1986,Philip Zlotorynski
938,Lance Kawas
964,Francesca Gregorini
2065,Marcio Garcia
509,Craig Moss
308,Michael Jai White
581,Paolo Monico
1253,Youssef Delara
1488,Darin Scott
1101,Christian Sesma
266,Monte Hellman
1234,Brian Caunter
571,Chris D'Arienzo
1656,Isaac Florentine
952,Susan Seidelman
1671,Heidi Ewing
126,Leon Ford
2264,Hank Braxtan
1775,John Carl Buechler
1398,Rajkumar Hirani
1977,Victor Nunez
1367,Rohit Jugraj
535,Thorbjørn Christoffersen
2398,Alex van Warmerdam
1824,Pawel Pawlikowski
405,Frank Sebastiano
777,Rand Ravich
1210,Stacy Peralta
440,Nacho Vigalondo
752,Hao Ning
2081,Tony Giglio
892,Stanley Donen
955,Joe Cross
452,Dinesh D'Souza
1061,Tommy Lee Wallace
944,Don Taylor
1257,Leslie Small
518,Éric Tessier
94,Alison Maclean
1327,Alice Wu
314,Sarah Gavron
529,Isabel Coixet
1321,James Ponsoldt
547,Joshua Tickell
492,Tim Boxell
574,Michael D. Sellers
239,Reed Cowan
1347,James Dodson
190,Alex Rivera
1781,John Murlowski
1575,Benni Diez
1417,Danny Perez
799,Robby Henson
573,Zackary Adler
1880,Dominic Burns
596,Carmen Marron
1512,Jerry Rees
1063,Jaco Booyens
588,Danny Steinmann
154,Jon Gunn
2340,Hayley Cloake
1500,Tay Garnett
2237,Shyam Madiraju
302,Harmage Singh Kalirai
1910,Rita Merson
1607,William Wyler
1689,Larry Clark
2226,Petter Næss
6,Robert Fontaine
869,Dan Perri
430,Neil Mcenery-West
1963,Anthony O'Brien
137,Michael Herz
2253,David Robert Mitchell
822,Robert Mulligan
478,Chia-Liang Liu
225,Chris Kentis
1233,Alex Kendrick
1760,Robert Rossen
1322,Jack Conway
1564,Sylvain Chomet
830,Chris Eyre
215,Elia Kazan
2366,Debra Granik
1534,Henry King
1142,Miranda July
520,Max Joseph
324,Jim Jarmusch
1521,Kevin Tenney
1310,Ari Folman
546,Gary Rogers
1730,Marielle Heller
2126,David Sington
1051,Kelly Reichardt
557,Bob Giraldi
1265,Huck Botko
591,David Duchovny
1086,Mitchell Lichtenstein
730,Lance Mungia
502,Kundan Shah
1220,Hue Rhodes
1587,Jugal Hansraj
2173,Danny Provenzano
2391,Bill Muir
198,Noah Buschel
2190,Brian Yuzna
1805,Hunter Richards
2107,Laurie Collyer
576,Aaron Hann
1699,Phil Claydon
1639,Ralph Ziman
449,John Simpson
271,Colin Minihan
612,Conor McMahon
67,Chris Shadley
1329,Simon Napier-Bell
1973,Simon Yin
1403,Jeff Crook
336,Orson Welles
673,Dave Payne
745,Brad Copeland
2189,Paul Bunnell
95,Phil Morrison
258,Harald Reinl
210,Tanner Beard
2187,Scott Dow
1406,Derick Martini
1681,Jerry Dugan
1891,Tim Hunter
1316,Richard Ayoade
798,Jehane Noujaim
1219,Pascal Arnold
1024,Remo
90,John Laing
350,Jamal Hill
674,Daniel Stamm
1156,Carlos Carrera
1992,Benh Zeitlin
1522,J. Lee Thompson
810,Maggie Greenwald
853,Vera Farmiga
1182,Vijay Chandar
1349,Jonathan Wacks
1165,Khyentse Norbu
2153,Tony Krantz
1976,Mitchell Altieri
744,W.D. Hogan
922,Corey Grant
751,Lucky McKee
498,Richard Boddington
2112,David Hunt
1134,Steven R. Monroe
109,Mark Illsley
965,Ritesh Batra
1708,Sally Potter
1514,Brad J. Silverman
1057,Dave Meyers
71,David M. Matthews
2397,Nadine Labaki
1709,Lluís Quílez
2143,Eytan Fox
2283,Romesh Sharma
1176,François Truffaut
189,Adam Goldberg
575,Travis Zariwny
888,Adrienne Shelly
1017,Newt Arnold
2251,Alex Cox
39,Fabián Bielinsky
894,Dror Moreh
2168,Rebecca Miller
152,Maggie Carey
940,Henry Bean
734,Simeon Rice
325,Jeff Garlin
849,Qasim Basir
1424,Adam Green
2348,Charles Chaplin
22,Pete Jones
1935,Bruce Campbell
283,Adam Carolla
825,Bruce McDonald
1300,James Mottern
218,Jaime Zevallos
1828,Gerard Johnstone
1279,Robert Greenwald
2030,David Ray
1582,Dave Rodriguez
1317,Nae Caranfil
598,David Winning
20,Frank Lotito
2361,Timothy Woodward Jr.
1616,Tara Subkoff
742,Russell Friedenberg
1399,William Cottrell
99,Lucrecia Martel
1260,Edward Dmytryk
808,Zak Penn
689,Alex Ranarivelo
1592,Mathieu Amalric
1393,David Worth
330,Leslie H. Martinson
1666,Robert M. Young
1098,Steve Buscemi
236,Ham Tran
13,Rich Cowan
1232,Boris Rodriguez
552,Sadyk Sher-Niyaz
1135,Paul Donovan
1386,Jonathan Kesselman
1625,Arjun Sablok
895,Tyler Oliver
2121,Douglas Cheek
1724,Deryck Broom
653,Henry Hathaway
1221,Giovanni Zelko
1359,Claudia Sainte-Luce
65,Jamie Babbit
1652,David Boyd
2330,Anna Muylaert
997,Steve Taylor
164,Kurt Voss
1148,James David Pasternak
857,Laurent Bouhnik
158,Tom Sanchez
1007,David Caffrey
1439,Adam Jay Epstein
389,Justin Thomas Ostensen
1872,Brenton Spencer
276,Ossie Davis
1484,Jay Alaimo
1360,Dylan Bank
943,Rob McKittrick
321,Jeff Burr
761,Harry Gantz
1878,Guy Maddin
1129,Regardt van den Bergh
948,Panos Cosmatos
2129,Gareth Evans
561,Matthew R. Anderson
1380,Joe Marino
439,Joel Anderson
1373,Shimit Amin
2160,Douglas Trumbull
2141,Mona Fastvold
753,Levan Gabriadze
1877,Bradley Parker
1013,Clive Barker
1740,Harold Cronk
635,Takao Okawara
850,Duncan Tucker
322,Russ Meyer
937,Robert D. Webb
263,Allan Dwan
372,Andrew Steggall
1249,Ben Lewin
568,Robert Kenner
1738,Craig Johnson
1381,Sean Durkin
1787,Gillian Robespierre
1751,Courtney Hunt
737,Morgan Neville
1720,Chris Paine
1016,Greg Berlanti
47,Marc Levin
1955,Richard Dutcher
2380,Khalid Mohamed
51,Finn Taylor
1356,José Luis Valenzuela
274,Gia Coppola
28,Scandar Copti
214,Goran Dukic
2232,Mike Cahill
1200,Efram Potelle
1366,Joshua Oppenheimer
1737,Alex Gibney
1517,Paul Crowder
174,Rohit Jagessar
1280,Anthony Powell
544,Kief Davidson
1761,Johnny Remo
565,Vivek Agnihotri
92,Ti West
1999,Nick Tomnay
316,Nickolas Perry
2120,Dan Zukovic
1203,Becky Smith
1145,Eric Nicholas
1479,Benjamin Dickinson
676,Hal Haberman
273,A. Raven Cruz
2346,Frank Whaley
861,Amat Escalante
1918,Wajahat Rauf
2028,Katherine Brooks
1039,David Cross
704,Randall Rubin
1045,Robert Bennett
1873,Mary Pat Kelly
1434,Lori Petty
1756,Charlie Levi
461,Kevin Hamedani
616,David DeCoteau
1371,Mikel Rueda
128,Stefan C. Schaefer
936,Michael Taliferro
1174,Katie Aselton
617,Robert Heath
1415,D. Stevens
30,Jeffrey St. Jules
1382,Robert Hall
729,K. King
2331,Jonathan Meyers
1794,Ralph Nelson
1518,Blair Erickson
1883,Allison Burnett
1862,Richard Schenkman
657,Sanjay Rawal
820,Kat Coiro
2202,Cristian Mungiu
1224,Brian Dorton
19,Maryam Keshavarz
2221,Ramaa Mosley
1124,Ric Roman Waugh
1941,C. Jay Cox
527,Mariette Monpierre
839,Tommy Oliver
232,Jamie Travis
886,Rich Christiano
176,Natalie Bible'
2097,Asghar Farhadi
131,Justin Molotnikov
534,Georg Wilhelm Pabst
1628,Daniel Davila
1123,Jorge Gaggero
396,Michael Burke
877,Catherine Jelski
1938,Shane Dawson
1009,Ryan Little
1565,Clark Baker
275,Matt Maiellaro
1189,Ben Wheatley
129,Oliver Blackburn
445,Christopher Hutson
732,David LaChapelle
481,Caryn Waechter
769,Emily Dell
1018,Ryan Fleck
2014,Jennifer Wynne Farmer
250,Christopher Scott Cherot
720,H.M. Coakley
2158,Randy Moore
1624,Chris Atkins
209,Bill Benenson
981,Ryan Smith
1770,Travis Romero
620,Anna Mastro
1408,Mark Sandrich
2257,Daniel Myrick
1213,Michael Wadleigh
1821,Gene Teigland
206,Scott Ziehl
826,Richard Montoya
375,Johanna Schwartz
646,William Gazecki
829,Lance McDaniel
1368,Thomas Lilti
86,Michael Walker
1905,U. Roberto Romano
960,Amy Holden Jones
1245,Blaz Zavrsnik
311,Pan Nalin
772,Joe Camp
814,Matt Walsh
1100,John 'Bud' Cardos
1346,Marilyn Agrelo
1619,Brian Baugh
2370,Patrick Creadon
91,Barry W. Blaustein
1864,Kurt Hale
1842,Siddiq Barmak
1435,Joseph Dorman
982,Greg Harrison
701,Jacob Aaron Estes
508,Eric Schaeffer
1191,Neema Barnette
417,Joe Swanberg
1898,Molly Bernstein
2317,Marius A. Markevicius
2248,Tom DiCillo
558,Quentin Dupieux
1725,Alex Smith
1114,Gareth Edwards
1041,Jonathan Parker
1924,Sol Tryon
2364,Alex Craig Mann
399,Stephen Kijak
297,Daston Kalili
597,Michael Hoffman Jr.
791,Patrick Gilles
788,Georgia Hilton
1580,Jack Heller
2325,Fernando Baez Mella
1839,Warren Sheppard
2050,Justin Paul Miller
2100,Joel Paul Reisig
1797,Catherine Gund
771,Luke Dye
1400,Alec Asten
2219,Hans Canosa
392,Lloyd Kaufman
1334,Matthew Watts
2094,Lloyd Bacon
750,Joe Kenemore
306,Kay Pollak
946,Eric England
641,Sue Corcoran
346,Jonathan Caouette
186,Ray Griggs
79,Matt Jackson
1959,Lucio Fulci
1920,Paul Fox
1079,Ari Kirschenbaum
1985,Cassandra Nicolaou
1533,Ingmar Bergman
515,D.W. Griffith
530,Roger Nygard
762,Harry Beaumont
1854,Franck Khalfoun
941,Mor Loushy
2007,Henry Alex Rubin
1166,Sam Firstenberg
1190,Doug Block
1450,Chad Kapper
970,Paul Fierlinger
1990,Yorgos Lanthimos
2043,Lauren Lazin
1228,Gregory Widen
1223,Niall Johnson
2071,Eric Mendelsohn
911,Jean-Luc Godard
16,Florence Ayisi
1640,Michael Roemer
1385,Eddie O'Flaherty
840,Babar Ahmed
240,John D. Hancock
150,Paul Bartel
1464,Bruce Dellis
24,Pece Dingo
1456,Jerome Elston Scott
116,Étienne Faure
623,Herb Freed
1198,Jack Perez
1622,Craig Zobel
36,Ken Del Conte
2161,Maria Maggenti
1282,Piyush Dinker Pandya
1567,Daniel Columbie
2352,Emma-Kate Croghan
395,Bill Plympton
2355,Drake Doremus
312,Al Franklin
1972,Michael Kang
313,Lori Silverbush
499,Stuart Hazeldine
1485,Hilary Brougher
448,Rachel Goldenberg
1919,Corbin Bernsen
1793,Jamin Winans
710,Tom Seidman
564,Jason Naumann
1757,Matt Cimber
1645,Sam Martin
1654,Andrew Hyatt
919,Dan Curtis
80,Kristin Rizzo
1076,Ward Roberts
595,Zoran Lisinac
2372,James O'Brien
326,Tom Putnam
1599,Jon Shear
2035,Al Silliman Jr.
1263,Eugène Lourié
816,Lowell Sherman
1117,Maurizio Benazzo
1586,David G. Evans
309,Sherman Alexie
1727,Justin Dillon
506,Stevan Mena
1157,Livingston Oden
521,Chris Marker
1602,Carl Theodor Dreyer
2321,Marianna Palka
2138,Ricki Stern
1923,Nadia Tass
2042,James Kerwin
1158,C. Fraser Press
1960,Rania Attieh
413,Sharon Greytak
185,Majid Majidi
1363,Andrew Haigh
1296,Cary Bell
1519,Nicolae Constantin Tanase
739,Jason Stone
233,Melvin Van Peebles
1983,Ken Roht
2298,Robinson Devor
474,Michel Orion Scott
2227,Pat Holden
2329,Eric Bugbee
713,Bill Melendez
758,Dena Seidel
1074,Deborah Anderson
1056,Sara Newens
1956,Sai Varadan
347,Amal Al-Agroobi
1860,Andrew Berends
624,Lynn Shelton
1927,Valentine
366,David Hewlett
1023,Nate Parker
421,Nathan Smith Jones
294,Travis Cluff
1980,Harry F. Millarde
410,Robert Townsend
545,Jamaa Fanaka
1184,Larry Blamire
434,Stephen Langford
1204,E.L. Katz
111,Lisanne Pajot
2115,Dan Reed
1421,John Reinhardt
8,Patrick Ryan Sims
1028,Laslo Benedek
786,Jason Miller
780,Dennis Iliadis
1674,Sut Jhally
1269,Julie Davis
102,Myles Berkowitz
1132,Brett Piper
2024,Brandon Trost
1475,Joseph Green
1468,Wade Gasque
920,Daniel Schechter
1351,Matt Johnson
1151,Bruno Barreto
1250,Lena Dunham
609,Terron R. Parsons
431,Daniel Mellitz
144,Jem Cohen
741,Andrew Leman
1241,Dave Carroll
1470,William Eubank
719,Patrick Meaney
1613,Chad Hartigan
2021,Malcolm Goodwin
1943,Kevin Jordan
1010,Kirk Loudon
2308,Travis Legge
301,Collin Joseph Neal
1604,Bradley Rust Gray
1802,Mike Bruce
896,Andrew Bujalski
2195,Damir Catic
473,James Bidgood
2245,Eric Eason
466,Joseph Mazzella
1258,Marcus Nispel
368,Brandon Landers
1185,Jim Chuchu
528,Daryl Wein
1550,Jason Trost
1975,Jafar Panahi
1948,Ivan Kavanagh
1944,Kiyoshi Kurosawa
2116,Tadeo Garcia
687,Thomas L. Phillips
282,Ash Baron-Cohen
1451,Shane Carruth
2212,Neill Dela Llana
11,Anthony Vallone
226,Scott Smith
807,Benjamin Roberds
658,Daniel Hsia
